{"stat.leaveGame":3,"stat.mineBlock.minecraft.cobblestone":188,"stat.pickup.minecraft.stone_pickaxe":2,"stat.pickup.minecraft.flint":6,"stat.swimOneCm":36370,"stat.useItem.minecraft.planks":12,"stat.craftItem.minecraft.shield":3,"stat.mineBlock.minecraft.web":2,"stat.drop.minecraft.cobblestone":2,"stat.pickup.minecraft.porkchop":57,"stat.useItem.minecraft.dirt":2,"stat.useItem.minecraft.stone_slab2":29,"stat.useItem.minecraft.water_bucket":12,"stat.pickup.minecraft.rotten_flesh":2,"stat.craftItem.simple_hammers.wooden_hammer":1,"stat.pickup.minecraft.sand":70,"stat.craftItem.minecraft.furnace":11,"stat.pickup.minecraft.hardened_clay":1,"stat.craftItem.minecraft.stone_axe":1,"stat.craftItem.minecraft.iron_boots":3,"stat.pickup.minecraft.bucket":1,"stat.craftItem.minecraft.stone_pickaxe":5,"stat.craftItem.minecraft.cooked_beef":5,"stat.mineBlock.minecraft.obsidian":1,"stat.pickup.minecraft.cobblestone":1662,"stat.useItem.minecraft.stone_shovel":128,"stat.pickup.gravestone.gsgravestone":1,"stat.flyOneCm":379085,"stat.mineBlock.minecraft.sand":74,"stat.drop.minecraft.wheat_seeds":1,"stat.craftItem.minecraft.wooden_hoe":1,"stat.pickup.minecraft.redstone":76,"stat.mineBlock.minecraft.iron_ore":140,"stat.timeSinceDeath":101019,"stat.useItem.minecraft.iron_pickaxe":237,"stat.craftItem.minecraft.wooden_pickaxe":2,"stat.pickup.minecraft.mutton":52,"stat.pickup.minecraft.double_plant":1,"stat.pickup.minecraft.wooden_axe":1,"stat.pickup.minecraft.wooden_shovel":1,"stat.furnaceInteraction":132,"stat.pickup.galacticraftcore.basic_block_core":56,"stat.useItem.minecraft.cooked_porkchop":2,"stat.mineBlock.minecraft.coal_ore":185,"stat.craftItem.minecraft.stone_hoe":1,"stat.pickup.minecraft.string":2,"stat.pickup.simple_hammers.stone_hammer":1,"stat.pickup.minecraft.beef":73,"stat.pickup.minecraft.furnace":8,"stat.useItem.minecraft.cooked_mutton":17,"stat.craftItem.minecraft.stone_slab2":0,"stat.killEntity.Squid":1,"stat.sprintOneCm":243442,"stat.craftItem.minecraft.wooden_axe":1,"stat.craftItem.minecraft.stick":60,"stat.useItem.simple_hammers.stone_hammer":262,"stat.mineBlock.mekanism.oreblock":38,"stat.pickup.ic2.resource":48,"stat.useItem.exoticbirds.kiwi_egg":2,"stat.mineBlock.minecraft.diamond_ore":7,"stat.mineBlock.minecraft.crafting_table":6,"stat.useItem.minecraft.diamond_pickaxe":544,"stat.drop.minecraft.lava_bucket":1,"stat.deaths":2,"stat.drop":5,"stat.playOneMinute":107564,"stat.craftItem.minecraft.wooden_shovel":1,"stat.killEntity.Sheep":24,"stat.craftItem.minecraft.iron_pickaxe":1,"stat.craftItem.minecraft.diamond_pickaxe":1,"stat.killEntity.Zombie":3,"stat.drop.minecraft.iron_ingot":2,"stat.craftItem.minecraft.diamond_axe":1,"stat.mineBlock.minecraft.gold_ore":10,"stat.mineBlock.minecraft.tallgrass":30,"stat.craftItem.minecraft.cooked_mutton":32,"stat.diveOneCm":40434,"stat.pickup.minecraft.cooked_mutton":2,"stat.chestOpened":66,"stat.pickup.exoticbirds.duck_egg":2,"stat.useItem.minecraft.stone":27,"stat.pickup.minecraft.gravel":36,"stat.pickup.minecraft.arrow":2,"stat.craftItem.minecraft.cooked_porkchop":62,"stat.useItem.minecraft.diamond_axe":123,"stat.pickup.minecraft.obsidian":1,"stat.jump":2258,"stat.pickup.minecraft.coal":222,"stat.fallOneCm":55798,"stat.pickup.minecraft.iron_ingot":5,"stat.useItem.minecraft.stone_axe":11,"stat.pickup.minecraft.gunpowder":2,"stat.crouchOneCm":27977,"stat.mineBlock.minecraft.chest":2,"stat.pickup.minecraft.spider_eye":1,"stat.craftItem.minecraft.iron_ingot":76,"stat.craftItem.minecraft.torch":44,"stat.pickup.minecraft.dirt":11,"stat.craftItem.minecraft.iron_helmet":3,"stat.mineBlock.minecraft.hardened_clay":1,"stat.craftingTableInteraction":71,"stat.pickup.minecraft.iron_ore":137,"stat.pickup.minecraft.stone_shovel":1,"stat.pickup.minecraft.gold_ore":10,"stat.mineBlock.minecraft.lapis_ore":6,"stat.mineBlock.ic2.resource":51,"stat.mineBlock.minecraft.leaves2":12,"stat.mineBlock.minecraft.log2":8,"stat.pickup.minecraft.wooden_pickaxe":1,"stat.damageTaken":1423,"stat.pickup.minecraft.leather":31,"stat.pickup.minecraft.feather":3,"stat.mineBlock.minecraft.furnace":11,"stat.mineBlock.minecraft.torch":1,"stat.useItem.minecraft.wooden_pickaxe":3,"stat.useItem.minecraft.furnace":12,"stat.pickup.minecraft.log2":10,"stat.pickup.minecraft.dye":42,"stat.pickup.minecraft.planks":82,"stat.pickup.minecraft.reeds":17,"stat.killEntity.Llama":3,"stat.pickup.minecraft.bed":8,"stat.pickup.minecraft.wheat_seeds":7,"stat.mineBlock.minecraft.gravel":54,"stat.useItem.minecraft.stone_pickaxe":53,"stat.craftItem.minecraft.iron_leggings":2,"stat.craftItem.simple_hammers.stone_hammer":4,"stat.killEntity.bouncy_creepers.bouncy_creeper":1,"stat.damageDealt":10152,"stat.sleepInBed":7,"stat.killEntity.Cow":34,"stat.mineBlock.minecraft.dirt":23,"stat.killEntity.Pig":28,"stat.craftItem.minecraft.iron_sword":3,"stat.craftItem.minecraft.stone_shovel":5,"stat.walkOneCm":215327,"stat.useItem.minecraft.torch":33,"stat.playerKills":2,"stat.useItem.simple_hammers.wooden_hammer":29,"stat.pickup.minecraft.stick":7,"stat.pickup.minecraft.crafting_table":6,"stat.pickup.mekanism.oreblock":45,"stat.useItem.minecraft.cobblestone":270,"stat.craftItem.minecraft.crafting_table":3,"stat.mineBlock.minecraft.double_plant":1,"stat.pickup.minecraft.log":105,"stat.mineBlock.galacticraftcore.basic_block_core":64,"stat.pickup.minecraft.iron_pickaxe":1,"stat.pickup.galacticraftcore.basic_item":6,"stat.pickup.minecraft.stone":312,"stat.craftItem.minecraft.iron_chestplate":2,"stat.pickup.minecraft.chicken":6,"stat.pickup.minecraft.sapling":5,"stat.pickup.minecraft.apple":1,"stat.killEntity.Skeleton":1,"stat.craftItem.minecraft.bucket":1,"stat.craftItem.minecraft.planks":128,"stat.useItem.minecraft.iron_sword":184,"stat.killEntity.Chicken":3,"stat.killEntity.Spider":1,"stat.mobKills":100,"stat.mineBlock.minecraft.log":106,"stat.pickup.minecraft.water_bucket":1,"stat.pickup.minecraft.diamond":7,"stat.mineBlock.minecraft.leaves":7,"stat.pickup.minecraft.torch":4,"stat.pickup.exoticbirds.kiwi_egg":3,"stat.mineBlock.minecraft.redstone_ore":17,"stat.sneakTime":10097,"stat.pickup.minecraft.wool":34,"stat.useItem.minecraft.wooden_axe":27,"stat.mineBlock.minecraft.stone":2296,"stat.pickup.minecraft.chest":2}