{"stat.pickup.minecraft.bone":2,"stat.leaveGame":9,"stat.mineBlock.minecraft.cobblestone":146,"stat.pickup.minecraft.flint":2,"stat.mineBlock.ic2.rubber_wood":1,"stat.swimOneCm":20892,"stat.useItem.minecraft.planks":467,"stat.pickup.minecraft.cooked_porkchop":9,"stat.pickup.minecraft.porkchop":26,"stat.useItem.minecraft.dirt":54,"stat.useItem.minecraft.stone_slab2":48,"stat.pickup.minecraft.iron_boots":2,"stat.drop.minecraft.iron_sword":2,"stat.useItem.minecraft.water_bucket":9,"stat.pickup.minecraft.rotten_flesh":11,"stat.craftItem.minecraft.furnace":2,"stat.pickup.exoticbirds.eggshell":8,"stat.entityKilledBy.Spider":1,"stat.craftItem.minecraft.stone_axe":1,"stat.craftItem.minecraft.stone_pickaxe":1,"stat.pickup.minecraft.cobblestone":1250,"stat.useItem.minecraft.stone_shovel":2,"stat.pickup.gravestone.gsgravestone":10,"stat.craftItem.minecraft.stone_sword":1,"stat.flyOneCm":213472,"stat.pickup.minecraft.redstone":128,"stat.mineBlock.minecraft.iron_ore":36,"stat.timeSinceDeath":1345,"stat.useItem.minecraft.iron_pickaxe":361,"stat.craftItem.minecraft.wooden_pickaxe":1,"stat.pickup.minecraft.mutton":21,"stat.craftItem.minecraft.bed":3,"stat.pickup.exoticbirds.peafowl_egg":1,"stat.drop.gravestone.gsgravestone":1,"stat.furnaceInteraction":45,"stat.pickup.galacticraftcore.basic_block_core":86,"stat.useItem.minecraft.cooked_porkchop":4,"stat.pickup.mekanism.salt":18,"stat.mineBlock.minecraft.coal_ore":30,"stat.pickup.minecraft.shield":4,"stat.killEntity.Creeper":1,"stat.pickup.simple_hammers.stone_hammer":3,"stat.useItem.minecraft.cooked_mutton":4,"stat.pickup.minecraft.furnace":1,"stat.entityKilledBy.Skeleton":1,"stat.craftItem.minecraft.stone_slab2":0,"stat.killEntity.exoticbirds.kiwi":4,"stat.sprintOneCm":218393,"stat.pickup.minecraft.iron_chestplate":2,"stat.pickup.minecraft.skull":1,"stat.craftItem.minecraft.stick":36,"stat.useItem.simple_hammers.stone_hammer":33,"stat.mineBlock.mekanism.oreblock":82,"stat.pickup.ic2.resource":119,"stat.useItem.exoticbirds.peafowl_egg":1,"stat.mineBlock.minecraft.diamond_ore":8,"stat.mineBlock.minecraft.crafting_table":2,"stat.useItem.minecraft.diamond_pickaxe":281,"stat.entityKilledBy.Creeper":3,"stat.deaths":7,"stat.mineBlock.minecraft.planks":41,"stat.drop":7,"stat.playOneMinute":110267,"stat.killEntity.Sheep":10,"stat.craftItem.minecraft.iron_pickaxe":3,"stat.craftItem.minecraft.diamond_pickaxe":1,"stat.killEntity.Zombie":2,"stat.mineBlock.minecraft.gold_ore":4,"stat.mineBlock.minecraft.tallgrass":20,"stat.craftItem.minecraft.cooked_mutton":2,"stat.diveOneCm":32767,"stat.pickup.minecraft.cooked_mutton":4,"stat.chestOpened":42,"stat.useItem.minecraft.stone":5,"stat.pickup.minecraft.gravel":89,"stat.pickup.minecraft.iron_sword":4,"stat.pickup.minecraft.arrow":2,"stat.craftItem.minecraft.cooked_porkchop":13,"stat.pickup.minecraft.stone_axe":4,"stat.drop.minecraft.flint":1,"stat.useItem.minecraft.porkchop":1,"stat.drop.minecraft.iron_pickaxe":1,"stat.jump":1556,"stat.pickup.minecraft.iron_helmet":2,"stat.pickup.minecraft.coal":187,"stat.fallOneCm":32993,"stat.pickup.minecraft.iron_ingot":9,"stat.useItem.minecraft.stone_axe":149,"stat.drop.minecraft.stone_sword":1,"stat.crouchOneCm":48740,"stat.mineBlock.minecraft.chest":2,"stat.craftItem.minecraft.iron_ingot":16,"stat.craftItem.minecraft.torch":20,"stat.craftItem.minecraft.chest":2,"stat.pickup.minecraft.dirt":66,"stat.craftingTableInteraction":23,"stat.pickup.minecraft.iron_ore":123,"stat.pickup.minecraft.gold_ore":4,"stat.mineBlock.minecraft.lapis_ore":8,"stat.mineBlock.ic2.resource":47,"stat.mineBlock.minecraft.leaves2":2,"stat.mineBlock.minecraft.log2":30,"stat.pickup.minecraft.wooden_pickaxe":2,"stat.damageTaken":3175,"stat.mineBlock.minecraft.furnace":1,"stat.mineBlock.minecraft.torch":5,"stat.useItem.minecraft.wooden_pickaxe":5,"stat.pickup.minecraft.log2":34,"stat.pickup.ic2.rubber_wood":4,"stat.pickup.minecraft.dye":44,"stat.pickup.minecraft.planks":295,"stat.pickup.minecraft.reeds":3,"stat.pickup.minecraft.iron_leggings":1,"stat.pickup.minecraft.bed":9,"stat.pickup.minecraft.wheat_seeds":9,"stat.mineBlock.minecraft.gravel":14,"stat.useItem.minecraft.stone_pickaxe":52,"stat.useItem.minecraft.stone_sword":13,"stat.pickup.exoticbirds.birdmeat":5,"stat.craftItem.minecraft.iron_leggings":1,"stat.damageDealt":2913,"stat.useItem.minecraft.wool":1,"stat.sleepInBed":6,"stat.mineBlock.minecraft.dirt":14,"stat.killEntity.Pig":10,"stat.walkOneCm":211482,"stat.useItem.minecraft.torch":22,"stat.useItem.minecraft.chest":1,"stat.mineBlock.mekanism.saltblock":4,"stat.pickup.minecraft.stick":36,"stat.pickup.minecraft.diamond_pickaxe":3,"stat.pickup.minecraft.crafting_table":3,"stat.pickup.mekanism.oreblock":101,"stat.useItem.minecraft.cobblestone":771,"stat.craftItem.minecraft.crafting_table":2,"stat.useItem.minecraft.gravel":7,"stat.useItem.minecraft.lava_bucket":3,"stat.useItem.galacticraftcore.basic_block_core":1,"stat.pickup.minecraft.log":139,"stat.mineBlock.galacticraftcore.basic_block_core":75,"stat.pickup.galacticraftcore.basic_item":8,"stat.pickup.minecraft.iron_pickaxe":2,"stat.pickup.minecraft.stone":196,"stat.craftItem.minecraft.iron_chestplate":1,"stat.pickup.minecraft.sapling":9,"stat.pickup.minecraft.apple":2,"stat.craftItem.minecraft.planks":572,"stat.useItem.minecraft.iron_sword":30,"stat.killEntity.dungeonmobs.dmghoul":1,"stat.mobKills":28,"stat.mineBlock.minecraft.log":79,"stat.pickup.minecraft.water_bucket":4,"stat.pickup.minecraft.diamond":8,"stat.mineBlock.minecraft.leaves":2,"stat.pickup.minecraft.torch":8,"stat.mineBlock.minecraft.redstone_ore":10,"stat.sneakTime":14701,"stat.pickup.minecraft.wool":21,"stat.pickup.minecraft.lava_bucket":1,"stat.drop.minecraft.bucket":1,"stat.mineBlock.minecraft.stone":427,"stat.pickup.minecraft.chest":2}