{"stat.chestOpened":13,"stat.pickup.exoticbirds.cooked_birdmeat":3,"stat.leaveGame":3,"stat.pickup.minecraft.gravel":5,"stat.pickup.minecraft.arrow":2,"stat.pickup.minecraft.iron_sword":2,"stat.mineBlock.minecraft.cobblestone":7,"stat.jump":1370,"stat.swimOneCm":33781,"stat.pickup.minecraft.iron_helmet":2,"stat.pickup.minecraft.coal":64,"stat.fallOneCm":32926,"stat.pickup.minecraft.cooked_porkchop":2,"stat.pickup.minecraft.gunpowder":2,"stat.pickup.minecraft.porkchop":25,"stat.crouchOneCm":3294,"stat.craftItem.exoticbirds.cooked_birdmeat":11,"stat.craftItem.minecraft.chest":11,"stat.pickup.minecraft.dirt":35,"stat.useItem.minecraft.dirt":15,"stat.useItem.minecraft.stone_slab2":14,"stat.pickup.minecraft.iron_boots":2,"stat.craftingTableInteraction":5,"stat.pickup.minecraft.iron_ore":13,"stat.pickup.minecraft.rotten_flesh":2,"stat.pickup.minecraft.sand":2,"stat.pickup.minecraft.gold_ore":4,"stat.pickup.exoticbirds.eggshell":2,"stat.entityKilledBy.Spider":1,"stat.mineBlock.ic2.resource":5,"stat.mineBlock.minecraft.log2":21,"stat.damageTaken":2234,"stat.pickup.minecraft.leather":28,"stat.craftItem.minecraft.stone_pickaxe":1,"stat.pickup.exoticbirds.cardinal_egg":1,"stat.useItem.exoticbirds.cooked_birdmeat":8,"stat.useItem.minecraft.wooden_pickaxe":9,"stat.useItem.minecraft.furnace":2,"stat.pickup.minecraft.cobblestone":472,"stat.craftItem.minecraft.wooden_sword":1,"stat.pickup.minecraft.log2":21,"stat.pickup.minecraft.planks":34,"stat.pickup.minecraft.iron_leggings":2,"stat.pickup.minecraft.reeds":32,"stat.pickup.gravestone.gsgravestone":2,"stat.flyOneCm":205332,"stat.pickup.minecraft.bed":3,"stat.pickup.minecraft.wheat_seeds":8,"stat.mineBlock.minecraft.gravel":1,"stat.useItem.minecraft.stone_pickaxe":49,"stat.pickup.exoticbirds.birdmeat":12,"stat.damageDealt":6203,"stat.mineBlock.minecraft.iron_ore":13,"stat.sleepInBed":5,"stat.timeSinceDeath":1499,"stat.killEntity.Cow":25,"stat.mineBlock.minecraft.dirt":20,"stat.useItem.minecraft.iron_pickaxe":145,"stat.useItem.minecraft.crafting_table":1,"stat.craftItem.minecraft.wooden_pickaxe":1,"stat.killEntity.Pig":13,"stat.pickup.minecraft.mutton":9,"stat.walkOneCm":215721,"stat.useItem.minecraft.chest":4,"stat.mineBlock.mekanism.saltblock":1,"stat.pickup.minecraft.wooden_axe":1,"stat.pickup.minecraft.crafting_table":4,"stat.pickup.mekanism.oreblock":19,"stat.useItem.minecraft.cobblestone":135,"stat.pickup.minecraft.wooden_shovel":2,"stat.craftItem.minecraft.crafting_table":1,"stat.furnaceInteraction":23,"stat.pickup.galacticraftcore.basic_block_core":29,"stat.mineBlock.minecraft.double_plant":5,"stat.pickup.mekanism.salt":4,"stat.mineBlock.minecraft.coal_ore":8,"stat.useItem.exoticbirds.magpie_egg":1,"stat.pickup.minecraft.shield":2,"stat.pickup.minecraft.log":14,"stat.pickup.simple_hammers.stone_hammer":1,"stat.mineBlock.galacticraftcore.basic_block_core":30,"stat.killEntity.exoticbirds.peafowl":1,"stat.pickup.minecraft.iron_pickaxe":2,"stat.pickup.minecraft.beef":53,"stat.useItem.minecraft.cooked_mutton":13,"stat.pickup.minecraft.furnace":3,"stat.craftItem.minecraft.stone_slab2":0,"stat.pickup.minecraft.stone":22,"stat.pickup.minecraft.sapling":6,"stat.killEntity.exoticbirds.kiwi":7,"stat.sprintOneCm":217061,"stat.useItem.exoticbirds.cardinal_egg":1,"stat.pickup.minecraft.iron_chestplate":2,"stat.pickup.minecraft.apple":2,"stat.craftItem.minecraft.stick":12,"stat.craftItem.minecraft.wooden_axe":1,"stat.useItem.simple_hammers.stone_hammer":14,"stat.mineBlock.mekanism.oreblock":18,"stat.pickup.ic2.resource":6,"stat.useItem.exoticbirds.kiwi_egg":7,"stat.killEntity.Horse":4,"stat.craftItem.minecraft.planks":84,"stat.useItem.minecraft.iron_sword":139,"stat.mineBlock.minecraft.crafting_table":4,"stat.useItem.minecraft.wooden_shovel":7,"stat.mobKills":58,"stat.mineBlock.minecraft.log":10,"stat.entityKilledBy.Creeper":1,"stat.deaths":4,"stat.mineBlock.minecraft.leaves":9,"stat.playOneMinute":91807,"stat.useItem.minecraft.wooden_sword":5,"stat.craftItem.minecraft.wooden_shovel":1,"stat.killEntity.Sheep":7,"stat.pickup.exoticbirds.kiwi_egg":7,"stat.sneakTime":1415,"stat.pickup.exoticbirds.magpie_egg":1,"stat.pickup.minecraft.wool":8,"stat.useItem.minecraft.wooden_axe":30,"stat.mineBlock.minecraft.stone":182,"stat.mineBlock.minecraft.gold_ore":4,"stat.mineBlock.minecraft.tallgrass":40,"stat.craftItem.minecraft.cooked_mutton":10,"stat.diveOneCm":26252,"stat.pickup.minecraft.cooked_mutton":13}